elapsed_ms,timestamp,dTLB-loads,dTLB-loads_time_enabled,dTLB-loads_time_running,dTLB-load-misses,dTLB-load-misses_time_enabled,dTLB-load-misses_time_running,dTLB-stores,dTLB-stores_time_enabled,dTLB-stores_time_running,dTLB-store-misses,dTLB-store-misses_time_enabled,dTLB-store-misses_time_running,iTLB-loads,iTLB-loads_time_enabled,iTLB-loads_time_running,iTLB-load-misses,iTLB-load-misses_time_enabled,iTLB-load-misses_time_running,L1-dcache-loads,L1-dcache-loads_time_enabled,L1-dcache-loads_time_running,L1-dcache-load-misses,L1-dcache-load-misses_time_enabled,L1-dcache-load-misses_time_running,L1-dcache-stores,L1-dcache-stores_time_enabled,L1-dcache-stores_time_running,L1-icache-load-misses,L1-icache-load-misses_time_enabled,L1-icache-load-misses_time_running,l1d.replacement,l1d.replacement_time_enabled,l1d.replacement_time_running,l1d_pend_miss.fb_full,l1d_pend_miss.fb_full_time_enabled,l1d_pend_miss.fb_full_time_running,l1d_pend_miss.pending,l1d_pend_miss.pending_time_enabled,l1d_pend_miss.pending_time_running,LLC-loads,LLC-loads_time_enabled,LLC-loads_time_running,LLC-load-misses,LLC-load-misses_time_enabled,LLC-load-misses_time_running,LLC-stores,LLC-stores_time_enabled,LLC-stores_time_running,LLC-store-misses,LLC-store-misses_time_enabled,LLC-store-misses_time_running,cache-references,cache-references_time_enabled,cache-references_time_running,cache-misses,cache-misses_time_enabled,cache-misses_time_running,mem-loads,mem-loads_time_enabled,mem-loads_time_running,mem-stores,mem-stores_time_enabled,mem-stores_time_running,mem_inst_retired.all_loads,mem_inst_retired.all_loads_time_enabled,mem_inst_retired.all_loads_time_running,mem_inst_retired.all_stores,mem_inst_retired.all_stores_time_enabled,mem_inst_retired.all_stores_time_running,mem_inst_retired.any,mem_inst_retired.any_time_enabled,mem_inst_retired.any_time_running
500,2026-03-08 22:13:54.492,71207409,500111276,80797148,8996774,500087820,81800180,69209036,500082062,82779662,4253,500076715,83830678,6208,500070939,84008806,4911,500063642,84003516,69985458,500056050,83808559,19842241,500050037,83806581,45264946,500043493,83778302,351496,500037104,83805160,20035364,500030706,84004605,9143182,500024351,83952046,3271008040,500018222,83975057,16085089,500012199,83916379,9914829,500005869,83916901,146262,499999681,42030650,73238,500025777,42008950,37291896,500023243,63016726,25509859,500016457,83997015,10557957,500009029,83960987,114947,500019852,83645755,101246512,500015128,82638739,83580538,500009622,81653456,152347753,500004476,80578106
1000,2026-03-08 22:13:54.992,100832023,998848639,164484910,8358388,998825156,165545479,74809583,998819368,166704160,4032,998813994,167698227,5145,998808191,167901347,4801,998801264,167680085,65887740,998793702,167315173,18175510,998787705,167324362,51832483,998781192,167334736,328936,998774596,167562352,18431606,998768273,167940576,9278795,998761916,167847267,3461457117,998755746,167828362,15422013,998749767,167543853,10968328,998743504,167584918,74752,998737293,84038266,28619,998732536,83613892,33339505,998726952,124617690,22655160,998721044,165593921,9869468,998714974,164524639,107500,998708782,163983140,91838076,998702180,163913928,82148682,998695436,163701597,183855964,998689187,163676795
1500,2026-03-08 22:13:55.492,58234838,1498262938,248468203,6954781,1498239579,249600334,57333200,1498233783,250676293,2912,1498228407,251578993,4765,1498222654,251821470,4520,1498215351,251531735,43580885,1498207723,250990141,21208612,1498201646,251021071,10349969,1498195077,250964182,423845,1498188482,251168755,19436578,1498182064,251782522,9525528,1498175662,251679067,2872429483,1498170726,251369044,13778060,1498165804,250030579,9353218,1498160364,249114722,150730,1498154411,124022135,72527,1498147922,123999276,35222730,1498141068,186019904,24235549,1498134276,247979209,11673547,1498126847,247948054,1800,1498120344,247974586,17134135,1498113775,247910517,15570576,1498107050,247706444,73770742,1498100722,247700491
2000,2026-03-08 22:13:55.992,82456958,1997183863,332431089,5854388,1997160405,333643169,51115901,1997154687,334578521,3000,1997149685,335506621,5716,1997144091,335743976,4743,1997136780,335166652,54298274,1997129193,334694403,15178221,1997123466,334715920,26846710,1997118916,334263601,533774,1997113427,333689030,14141118,1997107982,333102702,6252431,1997103464,331923040,2714220073,1997097486,331257007,12767341,1997091491,330922510,9220715,1997085216,331222289,181492,1997079293,166044930,194774,1997072825,166020738,25293256,1997066039,249024336,19350742,1997059201,331888286,7736130,1997051760,331811399,110908,1997045362,331818113,66652312,1997038859,331730113,65562395,1997032228,331681652,160718558,1997025965,331669699
2500,2026-03-08 22:13:56.492,63007006,2490190193,415779513,7146734,2490180735,415131742,55414244,2490175948,415961576,6511,2490170864,415336048,16084,2490165342,415538403,10746,2490158030,415924764,62201413,2490150423,414714396,20036772,2490144355,414628722,18708602,2490137810,414605099,1064538,2490131072,414011230,19053637,2490124650,414359193,9814088,2490118284,414245495,3585172148,2490112094,414082349,18100288,2490106085,413656697,11014653,2490099754,413939935,254371,2490093853,207423106,120827,2490087380,207385003,32849026,2490080518,311092063,22776032,2490073679,415733040,9722890,2490066230,415632174,159178,2490059707,415764999,97732222,2490053133,416681286,66616893,2490046417,415467808,120166548,2490041115,416124988
3000,2026-03-08 22:13:56.992,15889077,2985890961,496895942,9004978,2985867494,496802433,1474896,2985861756,498617332,10278,2985856431,498483744,32830,2985850640,499941866,20500,2985843338,500301120,44080349,2985835760,499154764,18572012,2985829983,499051595,64001562,2985823472,498147761,599456,2985816809,497604076,15606469,2985810419,497965621,5262585,2985804089,497903213,2329441652,2985797910,497595016,14989304,2985791842,497019773,10879075,2985785533,497170878,315739,2985779412,248988470,120925,2985774369,248490184,38739109,2985770420,372082792,25696298,2985764929,497552605,12001595,2985760532,496576429,20071,2985754534,496256901,16228818,2985748316,497602088,1699274,2985741630,495423030,17490833,2985735339,496558742
3500,2026-03-08 22:13:57.492,79772039,3477224483,580653091,6077822,3477200950,580561343,88102813,3477208324,582432658,9432,3477202983,583555801,26068,3477198754,584507957,16794,3477192831,583661817,98892585,3477186458,582474965,16518221,3477181426,579024185,46414512,3477175512,577565559,1409301,3477168810,577069196,15167486,3477162429,576369515,4709659,3477156089,576496565,2426154561,3477149921,576218731,12167359,3477143918,576737019,8480631,3477137615,577047882,61490,3477131794,288449619,6212,3477125396,289356133,32441043,3477118561,434662497,21801793,3477111748,580903266,9726599,3477104332,580872624,42562,3477097836,579945785,32040454,3477091265,580320469,29705219,3477084574,577988319,104416015,3477078277,580118402
4000,2026-03-08 22:13:57.992,50701679,3968520974,660844321,8258152,3968497602,660886328,34854904,3968491828,664857022,8644,3968486465,666121220,20867,3968480659,666574651,13296,3968473349,665847185,27385577,3968465751,664515983,18515145,3968459739,663079514,53267510,3968453195,662097594,1266133,3968446472,661726490,15545442,3968440058,660288779,6640472,3968433688,659372237,2762355548,3968427692,659175506,15059635,3968421657,659512844,11244393,3968415308,659715358,161142,3968410985,329504909,39635,3968405699,329800438,38325532,3968399811,494760690,25130082,3968394227,661719441,11326758,3968387077,660967226,87114,3968380548,659708928,59282200,3968374047,660891096,43601912,3968367338,657416945,87645324,3968361029,659391423
4500,2026-03-08 22:13:58.492,35204327,4468449113,744841159,7869302,4468425860,744874223,59291187,4468420128,748868549,5224,4468414770,750136042,5351,4468409253,750583295,4796,4468401935,749861103,127240917,4468394329,748517377,20603587,4468388330,747064041,85940103,4468381789,746100784,398149,4468375129,745737364,21238484,4468368713,744265580,12375777,4468364524,742965989,3566816517,4468359533,741725138,18117994,4468354497,741065901,11396296,4468349556,740304631,107608,4468343655,369897254,78283,4468337166,371183831,37433566,4468330305,557141495,24458339,4468323610,745093861,11682438,4468316182,744934696,78133,4468309693,743678389,71668376,4468303113,744870030,44359304,4468296402,741388525,73004938,4468290089,743379593
5000,2026-03-08 22:13:58.992,67448353,4968186188,828845753,7807438,4968163046,828859691,69428274,4968157322,832851663,4199,4968152027,834133421,7214,4968146246,834599261,4945,4968139001,833833926,93326198,4968131448,832548909,21837772,4968127056,830636122,58074652,4968121901,828674865,302252,4968116494,827355758,22200985,4968111192,824846205,12770436,4968105084,823344426,3604145954,4968098925,823118796,18213148,4968092907,823461592,11227408,4968086643,823678990,141156,4968080440,411857598,76114,4968074147,413164901,34217447,4968067361,620109701,23271187,4968060565,828899640,10365243,4968053186,828705985,72474,4968046716,827453982,66031689,4968040156,828693939,52946278,4968033460,825345656,118123959,4968027197,827386766
5500,2026-03-08 22:13:59.492,31500743,5467415281,912551693,11102388,5467391820,912567921,5459857,5467386055,916486981,4290,5467382183,917398555,6247,5467377486,917135540,5035,5467371210,915348932,81185999,5467364894,913148531,21918169,5467359118,911057587,96189620,5467352577,910088222,391855,5467345899,909546900,21555011,5467339504,907992829,11486720,5467333164,907089621,3039866869,5467326983,906865002,17696126,5467320968,907468701,12919459,5467314644,907695153,233717,5467308460,453844054,122054,5467302329,455152649,39390079,5467308565,683078233,25611225,5467301768,912856723,12518044,5467294374,912728339,80556,5467287875,911278528,72337048,5467281312,912534716,40691440,5467274628,909214824,77627138,5467268544,911166245
6000,2026-03-08 22:13:59.992,74072252,5966838226,994921050,8457471,5966815684,993937643,36945018,5966810878,996855191,2786,5966805795,997815929,4153,5966800196,998530603,4957,5966792876,997759735,38193664,5966785270,996297382,20434869,5966779473,994776108,54180764,5966772944,993841774,380843,5966766209,993288431,20324908,5966759790,991881353,10720974,5966753420,991002160,3128822872,5966747228,990763060,16412370,5966741211,991372479,9992926,5966734893,991697399,133661,5966728902,495821374,66273,5966722429,497157140,39638954,5966715564,746102227,25413481,5966708723,996845019,11847292,5966701282,996727283,69517,5966694766,995280787,70809733,5966688196,996523255,61101091,5966681482,993234534,133702572,5966675898,994578204
6500,2026-03-08 22:14:00.492,71329359,6466424651,1076317624,7904627,6466401302,1076359326,74129188,6466395657,1080196830,4136,6466390329,1081755975,5471,6466384647,1082460756,4895,6466377394,1081692165,75138722,6466369801,1080043254,21684536,6466363771,1078553463,56004485,6466357248,1077599434,353946,6466350587,1077064876,22560882,6466344185,1075875892,12787972,6466337875,1074991037,3638469442,6466331758,1074769268,17872267,6466325737,1075355346,11154673,6466319506,1075660702,158129,6466313350,537817881,76697,6466306900,539159141,35005752,6466300057,809137951,23671777,6466293235,1080811787,10811614,6466287647,1080301475,85153,6466282444,1077843293,74422749,6466277186,1078020647,61883076,6466271612,1073833723,133781577,6466265663,1074890936
7000,2026-03-08 22:14:00.992,84236939,6965895890,1160292572,8128509,6965873089,1160363880,77093787,6965867541,1164171675,3913,6965863081,1165760200,5828,6965857626,1166425647,4732,6965850586,1165658908,87367113,6965843590,1164020401,20175078,6965837854,1162573642,53555525,6965831527,1161327007,264190,6965826809,1160819553,21677278,6965821564,1159614265,13283724,6965815527,1158674516,3632554044,6965809919,1158812529,18288745,6965804467,1159267815,12191007,6965798390,1159581613,82385,6965794629,579345571,71602,6965790060,579716440,32531804,6965784425,869692587,21789303,6965779118,1161327139,9854508,6965772288,1160644645,77363,6965766352,1159172275,87739105,6965760138,1160313042,71299296,6965753675,1157183326,156411672,6965747820,1158855970
7500,2026-03-08 22:14:01.492,67762014,7465360099,1244241995,7739138,7465336845,1244320794,55059921,7465331342,1248109588,2819,7465326272,1249715774,4197,7465320652,1250378154,4881,7465313482,1249385868,66527978,7465306030,1247807878,19146158,7465300118,1246362213,57376219,7465293733,1245113494,304187,7465287217,1244829976,20804946,7465281143,1243610338,12133270,7465276702,1242221306,3469503101,7465272048,1241352292,16555877,7465267211,1240807263,10458235,7465262329,1240121510,161649,7465257040,619621574,87786,7465250803,621038056,37986018,7465244392,931971030,24813845,7465237923,1244564352,11596086,7465230973,1244594628,58318,7465224693,1243079470,51458047,7465218620,1244260364,38031855,7465212022,1241137630,91244244,7465206097,1242804821
8000,2026-03-08 22:14:01.992,17920906,7964712527,1327980619,10181520,7964689132,1328056721,6185542,7964683448,1331758519,4115,7964678151,1333366688,4148,7964672425,1334276730,4743,7964665245,1333276376,69811494,7964657660,1331781808,21954515,7964653648,1329954189,82786531,7964648477,1327700469,311805,7964642982,1326379761,20285557,7964637718,1324187036,10372732,7964631729,1322655091,3371043993,7964625632,1322788478,17921798,7964619638,1323295421,11228417,7964613361,1323577607,220482,7964607486,661567570,81061,7964601060,663020317,36038322,7964594276,994918045,24076062,7964587497,1328489166,11257695,7964580112,1328321757,71969,7964573680,1326779607,53441702,7964567238,1328026186,25555057,7964560569,1324903453,38747622,7964554305,1326783147
8500,2026-03-08 22:14:02.492,240720443,8463970722,1411990207,8185004,8463947158,1411994419,133349830,8463941352,1415681650,2777,8463937699,1416875002,4904,8463933235,1416772289,4630,8463926887,1414846443,15600088,8463920261,1412359322,23421074,8463914405,1410384092,660122,8463907838,1409133488,272248,8463901106,1408793249,25884225,8463894684,1407574888,17905379,8463888329,1406592778,4246337788,8463882128,1406184499,22483932,8463876084,1406656829,14101027,8463869740,1406955802,14147,8463863536,703557877,744,8463857063,705013435,45428347,8463850199,1057909081,26848116,8463843371,1412462661,10961352,8463835919,1412301760,188972,8463829664,1410755212,212965877,8463823066,1412003496,234451974,8463816350,1408916085,491820205,8463810022,1410788934
9000,2026-03-08 22:14:02.992,184400564,8963144495,1494592964,8992848,8963122073,1493583569,83765887,8963117357,1496282556,2843,8963112317,1497310004,5139,8963106889,1498191493,4651,8963099595,1497279360,16207731,8963091974,1495796072,23751969,8963085970,1494372715,675910,8963079409,1493107931,289401,8963072836,1492744902,23373716,8963066456,1491485893,14408601,8963060112,1490516849,3628914101,8963054316,1489718587,19330051,8963048400,1489940322,12149070,8963042081,1490235634,12383,8963035876,745520354,803,8963029395,747028318,40760801,8963022540,1120916068,23822717,8963015695,1496399671,8664365,8963008990,1496248325,176359,8963003492,1494685804,182742420,8962996982,1495936752,172443188,8962990265,1492917531,367227024,8962985561,1494404860
9500,2026-03-08 22:14:03.492,122213566,9462175117,1576016123,10621683,9462151575,1575997569,32356800,9462145829,1579696495,2878,9462140510,1581304562,6584,9462134716,1582178802,5176,9462139932,1581231511,18217380,9462132329,1579749896,27396101,9462126294,1578343875,758910,9462119988,1576495840,313868,9462113295,1576193970,27110777,9462106887,1574897564,16835144,9462100568,1573634739,4405132168,9462094386,1573394541,23548272,9462088355,1573605667,14367441,9462082028,1573954833,184683,9462075840,787519883,167289,9462069384,789027915,36315899,9462062537,1183923653,21232302,9462055716,1580368537,6445309,9462049975,1579861797,299952,9462057658,1577292236,234825807,9462052122,1577528136,189930096,9462046513,1573529764,333557277,9462040455,1574745757
10000,2026-03-08 22:14:03.992,80793689,9961365101,1660026191,7643492,9961341534,1659996224,87802571,9961335742,1663685290,3971,9961330504,1665260051,4346,9961324710,1666146240,4432,9961317417,1665201353,80218043,9961309803,1663752407,23201946,9961303787,1662348055,46024019,9961297241,1660248916,297072,9961290553,1659941273,23248586,9961284175,1658586113,13380590,9961277813,1657142500,3669394970,9961271705,1657157456,19249846,9961265664,1657375825,11628800,9961259308,1657524922,101035,9961254933,828862148,70431,9961250060,829643853,35150698,9961244515,1244526932,21541087,9961238618,1660936466,9831886,9961231448,1660232864,75199,9961224935,1658580002,84699904,9961218367,1659843688,69370216,9961211646,1656872721,151335586,9961205410,1658729866
10500,2026-03-08 22:14:04.492,141180732,10460994491,1743992555,6122011,10460971152,1744002161,211127755,10460965375,1747650950,3833,10460960015,1749256357,4243,10460954187,1750115615,4335,10460946867,1749169774,171466178,10460939254,1747763091,26999477,10460933201,1746322692,50685654,10460926653,1744259454,308687,10460919938,1743961565,27725659,10460913516,1742510549,19158083,10460908936,1740611128,4349671527,10460903890,1739639387,22859186,10460898807,1738831651,13875292,10460893363,1738093372,12876,10460887384,869275546,960,10460880885,871040652,44796978,10460874018,1306683745,27224621,10460867189,1744097269,14480554,10460859736,1744008498,828,10460853206,1742379452,27263183,10460846620,1743842041,37467622,10460839900,1740867099,162431206,10460833571,1742724509
11000,2026-03-08 22:14:04.992,109965125,10960758065,1827996393,6576304,10960734760,1828012855,115202744,10960728968,1831622532,3976,10960723600,1833206170,4009,10960717873,1834084881,4394,10960710542,1833135052,117461571,10960702919,1831767338,19983005,10960698594,1829917313,61510915,10960706282,1826855072,315677,10960700600,1825570548,22034662,10960695158,1823083241,13735155,10960689058,1821054525,3615629880,10960682835,1821085251,19191984,10960676784,1821254509,12120289,10960670433,1821326884,12006,10960664275,911073044,780,10960657807,913045544,41111017,10960651238,1369700371,24975864,10960644424,1828098485,12381090,10960636965,1827967798,1200,10960630755,1826372183,28459327,10960624174,1827816226,39862004,10960617454,1824856549,151263852,10960611127,1826750116
11500,2026-03-08 22:14:05.492,18177322,11460485328,1911703940,11504148,11460461881,1911719640,697645,11460456091,1915329706,4005,11460452501,1916791654,3653,11460447762,1916670614,4506,11460441508,1914740906,158621113,11460434892,1912357598,15105336,11460429052,1910346134,226490338,11460422483,1908286876,322008,11460415744,1907966820,19634204,11460409319,1906501046,13060133,11460402962,1905068897,4023341867,11460396755,1905090284,23145825,11460390711,1905268401,15183703,11460384393,1905334372,11783,11460378189,953101573,611,11460371717,955050769,45113138,11460364849,1432747726,28021362,11460358081,1912083292,14428710,11460350627,1911930425,875,11460344095,1910353480,17917313,11460337602,1911755822,666027,11460330888,1908859025,18528919,11460324573,1910451064
12000,2026-03-08 22:14:05.992,28707023,11960243925,1994276852,8865278,11960221882,1993325129,653590,11960217053,1995678482,2755,11960212233,1996968196,4064,11960206435,1997871210,4527,11960199089,1996917235,52085195,11960191466,1995782081,18895356,11960185408,1994366211,65295474,11960178859,1992280590,274280,11960172123,1991989977,19658383,11960165697,1990490386,9579069,11960159322,1989027848,2948340955,11960153118,1989060035,16239711,11960147102,1989220617,11087246,11960140753,1989306773,169514,11960134542,995109777,79492,11960128062,997066890,40159319,11960121196,1495754063,25548568,11960114350,1996077967,12186035,11960106889,1995925621,71148,11960100371,1994347506,73448140,11960093787,1995742551,43816998,11960087071,1992881364,72763546,11960081540,1994079554
12500,2026-03-08 22:14:06.492,18076236,12459836999,2075706108,11610819,12459814299,2075750799,676751,12459808678,2079011370,2802,12459803489,2080893195,3435,12459798492,2081818068,4676,12459791430,2080890422,17562876,12459784378,2079798320,26145922,12459778835,2078353100,667642,12459772510,2076259168,288536,12459765859,2075656438,26355019,12459759447,2074206332,16857544,12459753085,2072709129,3871003450,12459746881,2072738788,18182645,12459740831,2073184878,9322405,12459734480,2073282120,551159,12459728268,1037113399,303076,12459721790,1039075507,34335866,12459714919,1558744134,23893397,12459708071,2080073297,10625747,12459702254,2079500607,177064,12459697166,2076913248,116053806,12459691588,2077328348,56059677,12459685874,2073465011,42737274,12459679813,2074502816
13000,2026-03-08 22:14:06.992,15917070,12959506942,2159717464,9744405,12959483723,2159742935,682826,12959477973,2162962074,2795,12959472608,2164606449,3943,12959467120,2165537375,4729,12959459770,2164615598,15902141,12959452145,2163558886,23338658,12959446088,2162355715,28562448,12959439532,2160251811,272735,12959432797,2159672412,17655723,12959426370,2158187846,2631396,12959419997,2156676998,1605575490,12959413793,2156729930,10323194,12959407762,2157157715,8206431,12959401399,2157289016,261107,12959396973,1078712490,63879,12959391731,1079684930,40554550,12959385975,1619334672,25351530,12959380085,2160648049,12536042,12959372926,2159866150,822,12959366402,2158255650,15985281,12959359819,2159693460,663249,12959353100,2156853515,16508888,12959346775,2158511605
13500,2026-03-08 22:14:07.492,18113024,13458873684,2243690755,11501057,13458850535,2243529216,705937,13458844745,2246415626,3011,13458839381,2248064696,3752,13458833554,2248945262,4669,13458826209,2248254720,18341600,13458818587,2247505874,27160044,13458812532,2246307843,63586574,13458806107,2244266431,261059,13458799372,2243649269,17247014,13458792950,2242158732,1042290,13458787967,2240225356,1470411863,13458782872,2239307114,11464134,13458777735,2238722369,9749236,13458772297,2237869292,224559,13458766335,1119150586,10744,13458759858,1121135568,44635277,13458753004,1681756557,28249668,13458746219,2244053334,14678379,13458738728,2243819435,672,13458732221,2242230669,18219308,13458725637,2243677627,655218,13458718912,2240858406,18639469,13458712590,2242510672
14000,2026-03-08 22:14:07.992,55000284,13958518445,2327412289,9729205,13958495231,2327279288,11322430,13958489483,2330148101,3106,13958484109,2331788419,5498,13958478644,2332956293,4997,13958471359,2332237317,17674889,13958463738,2331459421,22087109,13958459781,2329840990,33287957,13958454392,2326802032,285841,13958448711,2325173525,19000750,13958443169,2322735730,9309603,13958437037,2320629802,2961443214,13958430861,2320726628,15809677,13958424819,2321145359,10108343,13958418612,2321284293,157885,13958412412,1161158667,85935,13958405937,1163151207,35337850,13958399072,1744754316,22643016,13958392243,2328030462,9509913,13958384795,2327794036,118432,13958378311,2326182712,97427322,13958371728,2327632133,67005710,13958365012,2324845033,124238435,13958358686,2326509631
14500,2026-03-08 22:14:08.492,129698208,14457933704,2411431604,7112130,14457910180,2411289958,116666115,14457904382,2414157820,2711,14457900907,2415338515,7296,14457896359,2415551426,4713,14457890104,2413834288,82533032,14457883813,2412044689,22327562,14457878057,2410273496,28526721,14457871494,2408196444,299517,14457864793,2407590098,23090303,14457858374,2405862463,14564478,14457852176,2404353995,3671723279,14457846016,2404449446,19550988,14457839981,2404845106,12477298,14457833677,2405253476,12413,14457827578,1203163365,6311,14457821106,1204893729,39325778,14457814238,1807459025,24101111,14457807396,2411737794,10299326,14457799962,2411477361,73466,14457793443,2410142011,89254644,14457786875,2411630827,88901411,14457780182,2408857718,223648227,14457773865,2410552007
15000,2026-03-08 22:14:08.992,216421188,14957129678,2494026370,5326304,14957107255,2492877933,220485336,14957102475,2494735329,2648,14957097346,2495779916,6295,14957091552,2496956587,4529,14957084229,2496251974,83400446,14957076605,2495471925,27922198,14957070603,2494284612,4760724,14957064041,2492209354,237718,14957057369,2491601111,27326942,14957050995,2489852005,19119131,14957044627,2488322967,4431445247,14957038867,2488437018,22908237,14957032907,2488788441,14291578,14957026597,2488942768,11522,14957020385,1244892065,1080,14957013905,1246407890,45599750,14957007026,1869953956,27912351,14957000185,2495244904,14150409,14956992728,2494976176,43183,14956986208,2494125224,79922342,14956979621,2495628584,117323186,14956972898,2492855544,342348955,14956967623,2494152369
15500,2026-03-08 22:14:09.492,185428261,15456715012,2575449299,7271388,15456691462,2575307174,112460868,15456698798,2578129266,2839,15456693470,2579768954,4808,15456687715,2580955913,4708,15456680417,2580259645,16469897,15456672830,2579482372,24193266,15456667064,2578307583,648337,15456660541,2576223592,242338,15456653828,2575615851,23729860,15456647433,2573800979,13887660,15456641087,2572268019,3707642111,15456634913,2572375087,19601086,15456628889,2572462653,12331481,15456622559,2572704497,11374,15456616387,1286862906,719,15456609930,1288377801,40634852,15456603090,1932916207,24160741,15456596267,2579201293,9638522,15456590399,2578548134,132649,15456585324,2576653898,155309670,15456579754,2577155619,165266625,15456574050,2573406219,367141794,15456568012,2574500730
16000,2026-03-08 22:14:09.992,207723958,15955802310,2659467696,10922744,15955779260,2659310556,109417425,15955773511,2662087744,2839,15955768136,2663738283,6101,15955762331,2664905138,5006,15955755126,2664221263,17500969,15955747508,2663496756,25887157,15955741500,2662283162,718548,15955734947,2660220211,356124,15955728288,2659325820,26228879,15955721865,2657252166,17763693,15955715492,2655497551,4178698201,15955709349,2655481491,22374216,15955703416,2655840857,14333618,15955697056,2656332514,11890,15955692964,1328443888,33737,15955687672,1328963443,39667694,15955682079,1993536782,23308930,15955676202,2659802475,7632653,15955669000,2658985584,232730,15955662462,2658078157,211958161,15955655879,2659556899,213210198,15955649134,2656823848,441837033,15955642805,2658499719
16500,2026-03-08 22:14:10.492,149368097,16455529967,2743463395,5123735,16455506429,2743313613,176489854,16455500684,2746085389,2700,16455495346,2747728264,3885,16455489749,2748904434,4035,16455482453,2748212204,79005831,16455474858,2747509465,23984824,16455468867,2746285201,7630600,16455462344,2744238244,248673,16455455680,2743329549,23776666,16455449285,2741260790,14100419,16455444706,2739091750,3655334640,16455439795,2738100818,19141876,16455434777,2737440579,11763179,16455429722,2736885145,15507,16455423793,1368836250,696,16455417321,1370139212,40126118,16455410480,2055701447,24825171,16455403731,2742949332,12247923,16455396297,2742715738,19155,16455389845,2742051463,45815936,16455383289,2743542813,63493556,16455376594,2740828568,225094999,16455370311,2742513739
17000,2026-03-08 22:14:10.992,66708535,16954531942,2827465001,8566334,16954508560,2827294415,172516819,16954502765,2830044575,6298,16954497404,2831670846,3938,16954491569,2832861863,4735,16954484565,2832169989,242794650,16954476943,2831517087,24907974,16954485509,2829893629,113658127,16954480059,2826834697,237723,16954474230,2824925189,26981139,16954468768,2821853482,17721270,16954462636,2819497232,4434763775,16954456413,2819526691,23228741,16954450368,2819850819,14447562,16954444021,2820282578,15117,16954437815,1410838061,780,16954431337,1412151843,44682894,16954424477,2118259688,27244969,16954417647,2826226489,13951406,16954410190,2825755278,1044,16954403651,2825083083,17914393,16954397064,2827050057,673390,16954390345,2824604428,28029898,16954384018,2826524454
17500,2026-03-08 22:14:11.492,91076593,17453972562,2911460083,6489341,17453949243,2911296871,164396062,17453943493,2914031143,2736,17453939834,2915258883,6160,17453935116,2915420765,4522,17453929189,2913744713,153623580,17453922575,2912099104,23690173,17453916701,2910307708,45679652,17453910131,2908255848,277577,17453903449,2907357555,23946053,17453897023,2905226189,12925622,17453890647,2903474588,3772685861,17453884436,2903510423,19638396,17453878405,2903809772,12110678,17453872057,2904292804,12109,17453865852,1452838989,948,17453859377,1453892838,40009204,17453852518,2180741938,24564510,17453845933,2909666317,11906949,17453838485,2909218439,822,17453831961,2908805531,16153286,17453825369,2911022300,2236047,17453818649,2908637165,81421963,17453812321,2910506079
18000,2026-03-08 22:14:11.992,100580185,17953551124,2993764131,7222709,17953528892,2992848899,144479017,17953538456,2994645487,4980,17953533397,2995654562,5871,17953527585,2996840476,4709,17953520286,2996176683,170497684,17953512686,2995496981,23548692,17953506657,2994314059,100017567,17953500127,2992271103,277997,17953493472,2991352745,28134393,17953487064,2989234880,19974532,17953480738,2987488680,4344010097,17953474819,2987516855,22814696,17953468739,2987807812,14417091,17953462475,2988315447,14953,17953456620,1494794887,1164,17953450135,1495798202,44350243,17953443350,2243634950,27494791,17953436497,2993517764,14218279,17953429051,2993130689,1235,17953422533,2992704595,20051760,17953415953,2994687436,28900774,17953422135,2992327897,130317709,17953416557,2993855909
18500,2026-03-08 22:14:12.492,15759201,18453162919,3074943369,9893521,18453139379,3075015536,677570,18453133591,3077798199,5272,18453128230,3079649765,3875,18453122423,3080834851,4852,18453115093,3080165971,131785396,18453107796,3079494394,14783079,18453101724,3078316070,159368489,18453095171,3076257957,282477,18453088457,3075345934,18398240,18453082032,3073179395,11312909,18453075663,3071431731,3412323422,18453069471,3071490200,19183400,18453063529,3071775040,12809651,18453057211,3072336218,11286,18453051001,1536838775,623,18453044544,1537803898,40955044,18453037675,2306642539,24595403,18453030828,3077443940,11899189,18453025133,3076604901,1452,18453019781,3075197894,15438916,18453014401,3076192342,636212,18453008714,3072907144,16084463,18453002642,3073963245
19000,2026-03-08 22:14:12.992,37947077,18952544721,3158961762,9765412,18952521789,3159018211,676089,18952516222,3161538350,2839,18952510852,3163392058,3743,18952505050,3164591996,4462,18952497725,3163926400,53835255,18952490111,3163517302,19435211,18952484065,3162312689,78052411,18952477895,3159959606,298077,18952471186,3159093098,19851361,18952464760,3156845916,11162852,18952458412,3155124394,3643830701,18952452384,3155448361,20383938,18952446337,3155708010,13877367,18952439980,3156360132,95816,18952435524,1578438015,58920,18952430337,1578379612,36847062,18952424529,2367251376,23283813,18952419147,3157928643,9778580,18952412014,3156943708,76132,18952405545,3156548886,73591121,18952398991,3158506057,52858595,18952392268,3156348105,90010091,18952385942,3157970890
19500,2026-03-08 22:14:13.492,17397179,19451577942,3242757076,10805351,19451554411,3242320247,704164,19451548647,3244749499,2887,19451543311,3246639515,3874,19451537518,3247815328,4791,19451530368,3247638684,43680124,19451522775,3247509773,25426532,19451516737,3246330120,101915855,19451510214,3243988043,258006,19451516692,3243116377,16165564,19451510362,3240856282,165396,19451505732,3238725729,1493513819,19451501159,3238033865,10896442,19451496174,3237273405,8848403,19451490853,3236955798,191586,19451484950,1618870348,4647,19451478535,1619810630,43841949,19451471721,2429683797,27893473,19451464926,3241345075,14941098,19451457499,3240938321,678,19451451008,3240538773,18033673,19451444588,3242508992,672061,19451437892,3240163393,17983223,19451431595,3241746343
20000,2026-03-08 22:14:13.992,15995672,19951214740,3326761093,9987054,19951191489,3326310973,682882,19951185801,3328682823,2857,19951180504,3330602489,3353,19951174840,3331773543,4952,19951167561,3331610794,15815253,19951159965,3331505254,22887417,19951155525,3329855696,20334851,19951150151,3326527024,271068,19951144485,3324668906,20270887,19951139114,3321171998,8581839,19951132958,3318903376,2833083812,19951126778,3319187287,14849516,19951120724,3319422353,8912581,19951114666,3320352172,316130,19951108505,1660874256,157418,19951102064,1661803734,32682028,19951095233,2492690637,22525244,19951088435,3325295292,9744031,19951081024,3324884659,118320,19951074585,3324500406,72840408,19951068004,3326457099,28703734,19951061316,3324191446,31762182,19951055041,3325759312
20500,2026-03-08 22:14:14.492,240193600,20451051602,3410758546,6038693,20451028321,3410303577,200441100,20451022545,3412678723,2791,20451019072,3414136435,4887,20451014418,3414287856,4613,20451008410,3413155728,59379376,20451001821,3412060259,27007124,20450996115,3410311162,642897,20450989545,3408004462,235834,20450982875,3407132862,26795616,20450976484,3404592085,19036088,20450970154,3402892957,4302776674,20450963941,3403117827,22628911,20450957853,3403356676,14428440,20450951908,3404304879,13991,20450945769,1702838196,1116,20450939283,1703784042,44966901,20450932431,2555636304,27287217,20450925601,3409210357,13222396,20450918175,3408817818,82482,20450911655,3408447660,118582699,20450905070,3410417431,149707200,20450898344,3408185665,396961160,20450892035,3409760110
21000,2026-03-08 22:14:14.992,92978182,20950499848,3493371931,10035079,20950479591,3491896341,640617,20950474915,3493229300,2853,20950469863,3494551819,3404,20950464119,3495702929,4692,20950456847,3495564908,16113054,20950449266,3495521202,23304243,20950443244,3494340740,655357,20950436734,3492017028,262892,20950430127,3491149451,23418833,20950423744,3488319150,14665672,20950417436,3486578085,3664061956,20950411262,3486549535,19254680,20950405277,3486797192,12260394,20950398967,3488019954,24722,20950392838,1744829535,119693,20950386391,1745790175,34275913,20950379564,2618627375,20751078,20950372752,3493191659,4755018,20950365529,3492797773,226803,20950359046,3492413547,195240308,20950352495,3494412518,165931737,20950345804,3492193650,263647287,20950340330,3493384126
21500,2026-03-08 22:14:15.492,60823252,21449922101,3574796341,11572465,21449898955,3574289493,677305,21449893213,3576587922,2883,21449887880,3578523561,3775,21449882287,3579664563,5051,21449874972,3579542952,17385235,21449867365,3579531541,26101079,21449861308,3578324907,708962,21449854765,3575508697,325239,21449848034,3574671234,26680314,21449841630,3571793027,17983058,21449835267,3570074425,4465425958,21449829135,3570526606,23415013,21449823104,3570752724,13881550,21449816769,3572021536,355716,21449810574,1786819180,296793,21449804104,1787789955,31357874,21449797248,2681626667,19465963,21449790410,3577186261,6187931,21449784798,3576378755,297723,21449779517,3574997616,215357207,21449773890,3576013313,148274582,21449768155,3572798444,200299208,21449762114,3573770549
22000,2026-03-08 22:14:15.992,144544710,21949741330,3658782229,7338606,21949717894,3658297998,107282725,21949712113,3660474092,2798,21949706750,3662404953,3696,21949700927,3663568613,4481,21949693613,3663438727,34491405,21949686008,3663547284,23093368,21949679961,3662370182,656203,21949673417,3659506615,309611,21949666901,3658705406,23148933,21949660500,3655769147,12249976,21949654141,3654001001,3587042194,21949647972,3654501577,19338439,21949641940,3654696960,12065723,21949635591,3656035101,57095,21949631427,1828396063,58921,21949626155,1828343957,36022740,21949620361,2742179521,22074624,21949614507,3657714098,9102049,21949607300,3656731203,114755,21949600767,3656384047,121426736,21949594191,3658380950,127009636,21949587473,3656194086,269636205,21949581162,3657789950
22500,2026-03-08 22:14:16.492,17753123,22448932498,3742067999,11522001,22448908933,3742042867,670092,22448903142,3744427093,5357,22448897777,3746362208,3713,22448892041,3747542823,4265,22448884715,3747416670,196438036,22448877103,3747553741,13712096,22448871091,3746356438,234804611,22448864898,3743501958,345665,22448858211,3742716452,24088538,22448851794,3739735987,18801702,22448847096,3737571394,4372407284,22448842116,3737050652,23037083,22448837009,3736243895,14905740,22448831607,3736623793,13429,22448825610,1868817523,840,22448819126,1869801577,43096282,22448812258,2804601199,26359204,22448805432,3741103282,13163693,22448797954,3740719437,828,22448791469,3740304067,17349694,22448784890,3741859178,684207,22448778169,3739476678,18438385,22448771849,3741069657
23000,2026-03-08 22:14:16.992,15705113,22948209965,3825381145,9843784,22948186410,3825357978,677804,22948180622,3827964228,2875,22948175305,3830363578,3413,22948169473,3831534188,4641,22948162153,3831428034,99718281,22948154543,3831560516,15964100,22948150123,3829929254,164695437,22948144745,3826084346,340630,22948139054,3824302522,17794155,22948133614,3820292993,10067137,22948127447,3818010742,3389446776,22948121234,3818473057,19284083,22948115345,3818644282,12725937,22948108997,3820072911,9583,22948102789,1910819524,636,22948096318,1911788769,40309576,22948089497,2867596264,24707166,22948082654,3825039777,11406328,22948075205,3824677795,816,22948081655,3824265522,15150426,22948075275,3825804466,680285,22948068566,3823263060,15912231,22948062260,3824384921
23500,2026-03-08 22:14:17.492,17212416,23447711718,3909120621,11092223,23447688402,3908897506,716415,23447682723,3911496979,2893,23447679679,3913445577,4079,23447675286,3913873481,4626,23447669081,3912980824,41117740,23447662579,3912127288,20644878,23447656853,3910362961,93993654,23447650340,3907503632,337519,23447643632,3906746095,15500356,23447637251,3903689227,3525100,23447630930,3901993364,2370110165,23447624768,3902456810,16258272,23447618737,3902608908,12450992,23447612474,3904083397,78117,23447606273,1952829728,636,23447599806,1953802218,45999240,23447592997,2930602482,28570366,23447586180,3909037584,14694768,23447578700,3908660422,749,23447572184,3908265618,17116367,23447565623,3909792106,654507,23447558905,3907258251,17635165,23447552592,3908394485
24000,2026-03-08 22:14:17.992,55238761,23946949379,3991711319,9560011,23946927240,3990487582,11652081,23946922484,3991824520,2722,23946917416,3993625937,3650,23946911633,3995057142,4765,23946904301,3995160727,17247791,23946896686,3995330156,26964263,23946890632,3994138761,18728513,23946884073,3991273970,306577,23946877372,3990503381,22719176,23946870960,3987706493,10486434,23946864591,3985982886,2788526190,23946858390,3986205558,15696472,23946852374,3986388664,9807883,23946846209,3987829829,309283,23946840006,1994822787,101016,23946833538,1995804755,35147645,23946826680,2993611776,23046096,23946819839,3992965353,9341250,23946812397,3992596226,138191,23946805887,3992193373,115625295,23946799309,3993715942,84102817,23946792598,3991266133,147171510,23946787047,3992000530
24500,2026-03-08 22:14:18.492,58743053,24446449449,4073147342,7399995,24446425923,4072919109,131703061,24446420155,4075248060,5473,24446414806,4077625897,6316,24446408992,4079078469,4686,24446401690,4079160401,189872586,24446394097,4079328004,22735394,24446388066,4078168466,81108226,24446381542,4075267157,256114,24446374835,4074514268,23658534,24446368432,4071741076,14938413,24446362100,4069972509,3796001036,24446355928,4070214065,19264354,24446362245,4070413270,12006418,24446355973,4071770800,12662,24446349762,2036751481,779,24446343283,2037785371,39956424,24446336417,3056170106,24306452,24446329571,4076505989,11690259,24446323909,4075745483,1266,24446318656,4074335072,15384836,24446313094,4075279457,644162,24446307353,4071864000,23518589,24446301277,4072387890
25000,2026-03-08 22:14:18.992,43344448,24945801568,4157157206,10227167,24945778013,4156900390,99251117,24945772224,4159258403,6293,24945766849,4161641412,7160,24945761009,4163065247,4937,24945753881,4163162246,239236504,24945746262,4163319964,20658746,24945740259,4162182543,175327619,24945733707,4159276020,316754,24945727032,4158534134,27385380,24945720608,4155763627,19441343,24945714240,4153958444,4493952699,24945708335,4154199622,23864017,24945702291,4154385650,14732083,24945695931,4155741057,13299,24945691303,2078334432,912,24945686024,2078386189,43064191,24945680258,3116424794,26578635,24945674355,4156775622,14046098,24945667204,4155790174,1404,24945660683,4155076875,17967705,24945654094,4157383238,714249,24945647374,4154934983,35900553,24945641045,4156093035
25500,2026-03-08 22:14:19.492,31281742,25445214228,4241117317,8619888,25445190632,4240894320,93601513,25445184840,4243209569,6304,25445179469,4245601036,5170,25445173639,4247042975,5002,25445166610,4247139935,193797077,25445158988,4247313799,20569464,25445152923,4246215147,122027661,25445146372,4243271649,244547,25445139638,4242533665,24050464,25445133210,4239774505,14288654,25445128814,4237536584,3673518862,25445123763,4236818622,19657296,25445118722,4236000271,12113108,25445113417,4236355999,12958,25445107644,2118734648,768,25445101153,2119787354,40254211,25445094276,3178838185,24058638,25445087449,4239628381,11976032,25445079993,4239258570,852,25445073454,4238537052,15805774,25445066884,4240794880,690847,25445060166,4238920131,16841123,25445053852,4240044663
26000,2026-03-08 22:14:19.992,160108175,25944506133,4325121771,5491220,25944482553,4324862729,223958010,25944477085,4327188786,3253,25944471713,4329561398,4702,25944465877,4330985238,4091,25944458816,4331106840,154975217,25944452839,4330884559,27358997,25944447915,4328794473,30408712,25944442361,4324867446,315604,25944436664,4323104434,25993299,25944430464,4319737305,18996526,25944424064,4317926425,4278603621,25944418111,4318210472,22378464,25944412090,4318446897,14138334,25944405743,4319745996,14246,25944399652,2161613971,1211,25944393176,2162283188,46810937,25944386306,3242298269,28135344,25944379459,4324009741,14442733,25944372008,4322703412,1422,25944365495,4322419879,25626883,25944358917,4324721668,42787869,25944352208,4322916599,195400289,25944345892,4324047579
26500,2026-03-08 22:14:20.492,16122103,26444084536,4408815067,9965382,26444061090,4408494997,693325,26444056802,4410425660,3584,26444052595,4412064183,4021,26444047747,4412504299,4351,26444041477,4411703376,99963489,26444034095,4411309016,15533043,26444028018,4410210610,159732265,26444021626,4407275133,360847,26444014904,4406505383,16735663,26444008475,4403735011,8209169,26444002421,4401906325,3144041863,26443996257,4402198259,18465396,26443990211,4402459641,12578982,26443983860,4403739934,11724,26443977650,2203611490,695,26443971171,2204281856,41079114,26443964304,3305250104,25175818,26443957459,4407969265,11999056,26443950000,4406657902,900,26443943494,4406375749,15690276,26443936906,4408702973,675157,26443930191,4406877916,16689510,26443923867,4407748402
27000,2026-03-08 22:14:20.992,40645733,26943339519,4489924921,9945721,26943316991,4488617882,670686,26943311457,4490468902,4011,26943306122,4493060712,4381,26943300290,4494919466,4699,26943293065,4495106186,130564986,26943285438,4495295069,18288853,26943279378,4494217415,171058520,26943272824,4491256251,344409,26943266106,4490494352,21529632,26943259689,4487723617,15148900,26943253326,4485891795,4203952463,26943247114,4486208664,22753128,26943241097,4486221445,15042301,26943234774,4487504481,13509,26943228566,2245612221,899,26943222249,2246304260,45337622,26943215399,3368240750,28163357,26943208554,4491989928,14521016,26943201058,4490664399,26935,26943194674,4490343436,52609952,26943188094,4492678514,45622549,26943182119,4490350698,95446466,26943176856,4490269107
27500,2026-03-08 22:14:21.492,105940744,27442840467,4572370443,9884418,27442816914,4572062030,64810136,27442811129,4574481698,2746,27442805757,4577078985,3272,27442799943,4578932476,4656,27442792618,4579104156,15543177,27442785001,4579319218,22357778,27442778937,4578219677,640422,27442772389,4574779014,332582,27442765661,4574003108,23183823,27442759262,4571188335,13413361,27442752897,4569372505,3723320360,27442746738,4570167242,20033182,27442740699,4570182187,11985985,27442734350,4571492066,224231,27442728141,2287636804,164789,27442722141,2288320724,33330223,27442715534,3431235327,19411054,27442712421,4575578367,6384499,27442707500,4573242149,223710,27442702010,4571927212,178521091,27442696395,4573300778,136996471,27442689878,4570772038,256794718,27442683547,4571681016
28000,2026-03-08 22:14:21.992,17678015,27941865458,4656373885,11094577,27941842211,4656025956,649983,27941836430,4658449103,2757,27941831076,4661003566,3463,27941825247,4662406093,4818,27941817918,4662636267,17132457,27941810302,4662408255,26047417,27941804294,4661283759,10183476,27941797747,4658324234,316511,27941791288,4657508011,24972471,27941784875,4655123999,11889481,27941778515,4653366962,2820530183,27941772380,4654137306,13242440,27941766339,4654179219,7398369,27941761382,4655099705,464182,27941756550,2328244035,242340,27941750336,2328356962,43147585,27941743463,3491241336,27671179,27941736623,4656002566,13915382,27941729124,4654671102,75240,27941722606,4654307327,50186239,27941716021,4656702555,17387217,27941709300,4654766721,21351422,27941702978,4655701421
28500,2026-03-08 22:14:22.492,85576406,28441246934,4740409762,9880194,28441223368,4740005094,15500316,28441217579,4742410094,2781,28441212319,4744977131,3829,28441206492,4746365842,4619,28441199165,4746669036,15337800,28441191753,4746421634,22490035,28441185683,4745283516,651755,28441179137,4742035200,316735,28441172397,4741156229,22548804,28441167444,4738205443,13578614,28441162236,4735438035,3637777909,28441157025,4735507396,19398072,28441151981,4734576467,12150521,28441145858,4735481573,214780,28441139634,2369649233,159929,28441133155,2370372161,33009253,28441126293,3554167488,20599313,28441119462,4739917364,6455043,28441112016,4738596512,217974,28441105520,4738211250,183962743,28441098939,4740702124,142196308,28441092212,4738791207,241751623,28441085889,4739710244
29000,2026-03-08 22:14:22.992,190809196,28940672495,4824431327,5904085,28940649265,4824003748,152765660,28940643606,4826382224,2750,28940638253,4828955216,3786,28940632421,4830344494,4325,28940625102,4830658601,31486518,28940619591,4829998268,26035990,28940615002,4827867955,623953,28940609915,4823611789,246866,28940604283,4821746695,22272013,28940598143,4818603992,13351398,28940591840,4816807528,3588654926,28940585674,4817878808,19220681,28940579695,4817901112,12193261,28940573404,4819398102,14174,28940567211,2411362985,695,28940560731,2411925720,39855116,28940554082,3616712726,24940344,28940547373,4823471997,11717810,28940539924,4822389968,67090,28940533714,4822200859,104119754,28940527149,4824717468,136800443,28940520422,4822795155,338477675,28940514094,4823715712
29500,2026-03-08 22:14:23.492,226951295,29439935103,4908441048,5572138,29439911537,4907978951,214552924,29439907661,4909941171,2559,29439903764,4911538726,3596,29439898917,4911904987,3980,29439892720,4911264283,64733897,29439885392,4910435966,25009529,29439879317,4909290491,618236,29439873018,4906050677,235132,29439866279,4905174277,27500258,29439859870,4902627278,18738557,29439853490,4900816833,4300973807,29439847295,4901886635,22403098,29439841244,4901895433,14012176,29439834892,4903118389,10813,29439829046,2452867418,959,29439822606,2453458931,44497500,29439815740,3679225697,27556817,29439808893,4906993939,13925271,29439801441,4906131124,54346,29439794910,4906185604,95543987,29439788323,4908719904,137806673,29439781604,4906790918,374546360,29439775288,4907718352
